age,workclass,fnlwgt,education,educational-num,marital-status,occupation,relationship,race,gender,capital-gain,capital-loss,hours-per-week,native-country,income
83,Private,186112,Some-college,10,Never-married,Exec-managerial,Not-in-family,White,Female,0,0,40,United-States,<=50K
19,Private,206399,HS-grad,9,Never-married,Machine-op-inspct,Own-child,Black,Female,0,0,40,United-States,<=50K
53,State-gov,105728,HS-grad,9,Married-civ-spouse,Other-service,Wife,Amer-Indian-Eskimo,Female,0,0,28,United-States,>50K
46,Local-gov,303918,HS-grad,9,Married-civ-spouse,Protective-serv,Husband,White,Male,7688,0,96,United-States,>50K
19,Private,299050,11th,7,Married-civ-spouse,Craft-repair,Husband,White,Male,0,0,60,United-States,<=50K
43,Private,142725,HS-grad,9,Married-civ-spouse,Other-service,Husband,White,Male,0,1887,80,United-States,>50K
51,Private,263836,HS-grad,9,Widowed,Handlers-cleaners,Not-in-family,White,Male,0,0,30,United-States,<=50K
73,Self-emp-not-inc,102510,7th-8th,4,Married-civ-spouse,Farming-fishing,Husband,White,Male,6418,0,99,United-States,>50K
53,Self-emp-not-inc,276369,HS-grad,9,Married-civ-spouse,Farming-fishing,Husband,White,Male,0,0,99,United-States,<=50K
26,Self-emp-not-inc,258306,10th,6,Married-civ-spouse,Farming-fishing,Husband,White,Male,0,0,99,United-States,<=50K
39,Private,160728,HS-grad,9,Divorced,Machine-op-inspct,Unmarried,White,Male,2977,0,40,United-States,<=50K
18,Private,427437,HS-grad,9,Never-married,Sales,Own-child,Black,Female,0,0,40,United-States,<=50K
17,Private,67603,9th,5,Never-married,Other-service,Own-child,White,Female,0,0,10,United-States,<=50K
51,Self-emp-not-inc,67198,Assoc-acdm,12,Widowed,Prof-specialty,Unmarried,White,Female,0,0,50,United-States,<=50K
20,Private,215247,Some-college,10,Never-married,Adm-clerical,Own-child,White,Female,0,0,20,United-States,<=50K
80,Self-emp-not-inc,132728,HS-grad,9,Never-married,Exec-managerial,Not-in-family,White,Male,0,0,20,United-States,<=50K
35,Private,44780,Some-college,10,Married-civ-spouse,Adm-clerical,Wife,White,Female,7688,0,20,United-States,>50K
28,Private,245790,HS-grad,9,Never-married,Craft-repair,Own-child,White,Male,0,0,40,United-States,<=50K
45,Private,54260,HS-grad,9,Never-married,Farming-fishing,Not-in-family,White,Male,0,0,60,United-States,<=50K
62,Self-emp-not-inc,224520,HS-grad,9,Married-civ-spouse,Sales,Husband,White,Male,0,0,90,United-States,>50K
62,Self-emp-inc,191520,Doctorate,16,Married-civ-spouse,Prof-specialty,Husband,White,Male,99999,0,80,United-States,>50K
90,Local-gov,227796,Masters,14,Married-civ-spouse,Exec-managerial,Husband,White,Male,20051,0,60,United-States,>50K
73,Self-emp-not-inc,268832,HS-grad,9,Married-civ-spouse,Farming-fishing,Husband,White,Male,0,0,45,United-States,<=50K
27,Private,210313,HS-grad,9,Never-married,Handlers-cleaners,Other-relative,White,Male,0,0,28,Guatemala,<=50K
30,Private,55291,Bachelors,13,Married-civ-spouse,Prof-specialty,Husband,White,Male,0,0,40,United-States,>50K
90,Private,197613,HS-grad,9,Never-married,Adm-clerical,Not-in-family,White,Female,0,0,40,United-States,>50K
36,Private,135289,Bachelors,13,Married-civ-spouse,Craft-repair,Husband,White,Male,0,0,48,United-States,>50K
79,Private,160758,7th-8th,4,Married-civ-spouse,Sales,Husband,White,Male,0,0,15,United-States,<=50K
81,Self-emp-not-inc,193237,1st-4th,2,Widowed,Sales,Other-relative,White,Male,0,0,45,Mexico,<=50K
35,Private,297697,Some-college,10,Married-civ-spouse,Transport-moving,Husband,Asian-Pac-Islander,Male,0,0,40,United-States,<=50K
51,Federal-gov,282680,Doctorate,16,Never-married,Prof-specialty,Not-in-family,White,Female,0,1564,70,United-States,>50K
71,Private,187703,Assoc-voc,11,Widowed,Prof-specialty,Unmarried,White,Female,11678,0,38,United-States,>50K
52,Private,193116,10th,6,Married-civ-spouse,Transport-moving,Husband,White,Male,0,0,45,United-States,<=50K
38,Private,196123,HS-grad,9,Married-civ-spouse,Craft-repair,Husband,White,Male,0,0,50,United-States,<=50K
39,Private,181384,Assoc-acdm,12,Never-married,Adm-clerical,Not-in-family,White,Male,0,0,20,United-States,<=50K
41,Private,88368,HS-grad,9,Never-married,Sales,Not-in-family,White,Female,0,0,50,United-States,<=50K
40,Private,204046,10th,6,Divorced,Transport-moving,Own-child,White,Male,0,0,40,United-States,<=50K
42,Private,322385,Assoc-voc,11,Married-civ-spouse,Machine-op-inspct,Husband,White,Male,2407,0,40,United-States,<=50K
21,Private,278254,Some-college,10,Never-married,Handlers-cleaners,Own-child,Black,Male,0,0,40,United-States,<=50K
21,Private,145964,Some-college,10,Married-civ-spouse,Craft-repair,Husband,White,Male,7298,0,60,United-States,>50K
68,Self-emp-not-inc,376957,5th-6th,3,Married-civ-spouse,Craft-repair,Husband,Black,Male,0,0,6,United-States,<=50K
28,Private,252013,Some-college,10,Never-married,Adm-clerical,Unmarried,White,Female,0,0,45,Japan,<=50K
90,Private,87285,HS-grad,9,Never-married,Other-service,Own-child,White,Female,0,0,24,United-States,<=50K
39,Private,370795,HS-grad,9,Never-married,Adm-clerical,Unmarried,Black,Female,0,0,40,United-States,<=50K
38,Private,170174,HS-grad,9,Never-married,Prof-specialty,Not-in-family,White,Male,0,0,60,United-States,<=50K
32,Self-emp-not-inc,220740,HS-grad,9,Never-married,Craft-repair,Own-child,White,Male,0,0,60,United-States,<=50K
37,Private,173128,HS-grad,9,Divorced,Other-service,Not-in-family,White,Male,0,0,40,United-States,<=50K
33,Private,265168,Bachelors,13,Married-civ-spouse,Sales,Husband,Black,Male,0,0,55,United-States,<=50K
66,Private,262285,Bachelors,13,Married-civ-spouse,Prof-specialty,Husband,White,Male,0,0,99,United-States,<=50K
37,Private,280464,Some-college,10,Married-civ-spouse,Exec-managerial,Husband,Black,Male,0,0,80,United-States,>50K
58,Self-emp-not-inc,131991,Bachelors,13,Never-married,Farming-fishing,Own-child,White,Male,0,0,72,United-States,<=50K
61,Private,71209,HS-grad,9,Married-civ-spouse,Craft-repair,Husband,White,Male,0,0,45,United-States,>50K
25,Private,202560,Some-college,10,Never-married,Other-service,Not-in-family,White,Female,0,0,40,United-States,<=50K
44,Private,201734,HS-grad,9,Married-civ-spouse,Craft-repair,Husband,White,Male,0,0,45,United-States,<=50K
47,Private,275361,Assoc-acdm,12,Widowed,Other-service,Own-child,White,Female,0,0,35,United-States,<=50K
42,Private,175935,HS-grad,9,Divorced,Transport-moving,Not-in-family,White,Male,0,1980,46,United-States,<=50K
24,Private,281403,HS-grad,9,Never-married,Farming-fishing,Own-child,White,Male,0,0,98,United-States,<=50K
35,Private,297574,Assoc-acdm,12,Married-civ-spouse,Exec-managerial,Husband,White,Male,0,0,99,United-States,>50K
39,Federal-gov,193583,Bachelors,13,Divorced,Prof-specialty,Unmarried,White,Female,5455,0,60,United-States,<=50K
54,Private,175912,10th,6,Married-civ-spouse,Transport-moving,Husband,White,Male,0,0,40,United-States,<=50K
20,Private,62865,HS-grad,9,Never-married,Priv-house-serv,Not-in-family,White,Female,0,0,45,United-States,<=50K
17,Local-gov,236831,12th,8,Never-married,Adm-clerical,Own-child,Black,Female,0,0,15,United-States,<=50K
24,Private,22201,HS-grad,9,Married-civ-spouse,Protective-serv,Husband,Asian-Pac-Islander,Male,0,0,40,Thailand,<=50K
40,Private,147099,Bachelors,13,Married-civ-spouse,Prof-specialty,Wife,White,Female,0,0,5,United-States,<=50K
56,Private,99894,10th,6,Married-civ-spouse,Sales,Wife,Asian-Pac-Islander,Female,0,0,30,Japan,>50K
33,Private,213307,1st-4th,2,Divorced,Machine-op-inspct,Unmarried,White,Female,0,0,40,Mexico,<=50K
80,Private,87518,Some-college,10,Never-married,Prof-specialty,Not-in-family,White,Male,0,1816,60,United-States,<=50K
40,Private,214010,Bachelors,13,Never-married,Other-service,Not-in-family,White,Male,0,0,37,United-States,<=50K
90,Private,272752,Some-college,10,Never-married,Other-service,Own-child,White,Male,0,0,10,United-States,<=50K
22,Private,308205,5th-6th,3,Never-married,Farming-fishing,Other-relative,White,Male,0,0,40,Mexico,<=50K
81,Private,55314,Bachelors,13,Married-civ-spouse,Adm-clerical,Husband,White,Male,0,0,4,United-States,>50K
21,Private,148444,Some-college,10,Never-married,Sales,Own-child,White,Female,0,0,25,United-States,<=50K
45,Self-emp-not-inc,102771,Bachelors,13,Married-civ-spouse,Transport-moving,Husband,White,Male,0,0,40,United-States,>50K
28,Private,148429,HS-grad,9,Married-civ-spouse,Machine-op-inspct,Husband,White,Male,2885,0,40,United-States,<=50K
90,Private,90523,HS-grad,9,Widowed,Transport-moving,Unmarried,White,Male,0,0,99,United-States,<=50K
79,Private,187492,HS-grad,9,Married-civ-spouse,Prof-specialty,Husband,White,Male,0,0,7,United-States,<=50K
19,Private,87402,Some-college,10,Never-married,Craft-repair,Not-in-family,White,Male,0,0,40,United-States,<=50K
41,State-gov,222434,Assoc-acdm,12,Married-civ-spouse,Protective-serv,Husband,White,Male,0,0,40,United-States,<=50K
34,Private,176648,HS-grad,9,Divorced,Adm-clerical,Not-in-family,Black,Male,0,0,42,United-States,<=50K
49,Self-emp-inc,201498,HS-grad,9,Married-civ-spouse,Craft-repair,Husband,White,Male,0,0,40,United-States,<=50K
27,Local-gov,24988,Assoc-voc,11,Never-married,Tech-support,Not-in-family,White,Female,0,1564,72,United-States,>50K
22,Private,205839,Some-college,10,Never-married,Other-service,Not-in-family,White,Male,0,0,45,United-States,<=50K
73,State-gov,74040,7th-8th,4,Divorced,Other-service,Not-in-family,Asian-Pac-Islander,Female,0,0,40,United-States,<=50K
54,Local-gov,137678,HS-grad,9,Divorced,Other-service,Not-in-family,White,Female,0,0,30,United-States,<=50K
18,Private,193290,Some-college,10,Never-married,Other-service,Own-child,White,Male,0,1721,20,United-States,<=50K
21,Private,243368,Preschool,1,Never-married,Farming-fishing,Not-in-family,White,Male,0,0,50,Mexico,<=50K
46,Self-emp-not-inc,103538,Prof-school,15,Married-civ-spouse,Prof-specialty,Husband,White,Male,0,0,65,United-States,>50K
32,Private,154950,Bachelors,13,Married-civ-spouse,Craft-repair,Husband,White,Male,0,0,40,United-States,<=50K
30,Private,142977,Some-college,10,Divorced,Craft-repair,Not-in-family,White,Male,0,0,65,United-States,<=50K
28,Private,328923,HS-grad,9,Never-married,Adm-clerical,Other-relative,White,Female,0,0,38,United-States,<=50K
72,Private,108038,Masters,14,Divorced,Prof-specialty,Not-in-family,White,Male,0,0,60,Cuba,>50K
50,Private,82566,Masters,14,Married-civ-spouse,Tech-support,Husband,White,Male,0,0,45,United-States,>50K
56,Self-emp-inc,98418,Prof-school,15,Married-civ-spouse,Prof-specialty,Husband,White,Male,99999,0,40,United-States,>50K
37,Private,111499,Some-college,10,Never-married,Exec-managerial,Not-in-family,White,Female,0,0,40,United-States,<=50K
42,Private,213214,Assoc-acdm,12,Married-civ-spouse,Sales,Husband,White,Male,0,0,40,United-States,<=50K
57,Self-emp-not-inc,56480,HS-grad,9,Married-civ-spouse,Exec-managerial,Husband,White,Male,0,0,1,United-States,<=50K
54,Self-emp-inc,162439,HS-grad,9,Married-civ-spouse,Exec-managerial,Husband,White,Male,0,0,98,United-States,>50K
90,Private,149069,Assoc-acdm,12,Married-civ-spouse,Sales,Husband,White,Male,0,1825,50,United-States,>50K
18,Private,347829,11th,7,Never-married,Other-service,Own-child,White,Female,0,0,4,United-States,<=50K
22,Private,97212,HS-grad,9,Never-married,Other-service,Not-in-family,White,Female,0,0,15,United-States,<=50K
21,Private,399022,HS-grad,9,Never-married,Farming-fishing,Own-child,White,Male,0,0,24,United-States,<=50K
33,Local-gov,120508,Bachelors,13,Divorced,Protective-serv,Unmarried,White,Female,0,0,60,Germany,<=50K
59,Private,114678,HS-grad,9,Never-married,Craft-repair,Not-in-family,Black,Male,0,0,60,United-States,<=50K
70,Private,113401,10th,6,Widowed,Sales,Not-in-family,White,Female,0,0,40,United-States,<=50K
39,Private,348521,Some-college,10,Married-civ-spouse,Farming-fishing,Husband,White,Male,0,2415,99,United-States,>50K
38,Private,423605,HS-grad,9,Married-civ-spouse,Craft-repair,Husband,White,Male,0,0,40,El-Salvador,<=50K
41,Private,169473,HS-grad,9,Divorced,Other-service,Not-in-family,White,Female,0,0,30,United-States,<=50K
49,Local-gov,145290,5th-6th,3,Married-civ-spouse,Other-service,Husband,White,Male,0,0,40,United-States,<=50K
30,Private,163003,Bachelors,13,Never-married,Exec-managerial,Own-child,Asian-Pac-Islander,Female,0,0,52,Taiwan,<=50K
45,Private,168837,Some-college,10,Married-civ-spouse,Adm-clerical,Wife,White,Female,0,0,24,Canada,>50K
17,Private,98209,11th,7,Never-married,Sales,Own-child,White,Female,0,0,10,United-States,<=50K
17,Private,231439,11th,7,Never-married,Handlers-cleaners,Own-child,White,Male,0,0,30,United-States,<=50K
44,Private,307468,Prof-school,15,Married-civ-spouse,Prof-specialty,Husband,White,Male,0,0,29,United-States,>50K
27,Private,247711,Bachelors,13,Never-married,Sales,Not-in-family,White,Female,0,2258,55,United-States,<=50K
53,Self-emp-not-inc,108815,HS-grad,9,Married-civ-spouse,Craft-repair,Husband,White,Male,0,0,60,United-States,<=50K
69,Private,232683,Some-college,10,Married-civ-spouse,Adm-clerical,Husband,White,Male,0,0,15,France,>50K
28,Self-emp-not-inc,149324,Some-college,10,Married-civ-spouse,Prof-specialty,Husband,White,Male,0,0,7,United-States,<=50K
32,Private,137875,Some-college,10,Divorced,Sales,Unmarried,White,Female,0,0,30,United-States,<=50K
37,Self-emp-not-inc,154641,HS-grad,9,Never-married,Farming-fishing,Not-in-family,White,Male,0,0,86,United-States,<=50K
70,Private,102610,Some-college,10,Divorced,Other-service,Not-in-family,White,Male,0,0,80,United-States,<=50K
20,Private,66917,11th,7,Married-civ-spouse,Farming-fishing,Own-child,White,Male,0,0,40,Mexico,<=50K
52,Private,38973,10th,6,Widowed,Sales,Unmarried,Black,Female,0,0,40,United-States,<=50K
22,Private,35663,HS-grad,9,Never-married,Other-service,Not-in-family,White,Female,0,0,40,United-States,<=50K
48,Private,208748,5th-6th,3,Divorced,Machine-op-inspct,Unmarried,Other,Female,0,0,40,Dominican-Republic,<=50K
61,Private,180632,HS-grad,9,Married-civ-spouse,Sales,Husband,White,Male,0,0,40,United-States,<=50K
33,Private,488720,5th-6th,3,Married-civ-spouse,Handlers-cleaners,Other-relative,White,Male,0,0,40,Mexico,<=50K
18,Private,154089,11th,7,Never-married,Handlers-cleaners,Own-child,White,Male,0,0,20,United-States,<=50K
90,Private,87372,Prof-school,15,Married-civ-spouse,Prof-specialty,Husband,White,Male,20051,0,72,United-States,>50K
